gender,mobile_likes_received,www_likes_received
female,147.1008843841606,104.33445123465991
male,40.96719944169262,27.210863163628318
