gender,mobile_likes,www_likes
female,172.91292790778556,87.13829681522333
male,60.348176139168324,24.490033872916985
